1,Ex Drummer,Kippie Junkinson,Pfannerstill Inc,29.31,Comedy|Crime|Drama|Horror,560974546-2,13-02-2010
2,Cousin Angelica (La prima Angélica),Carmine Beach,Schowalter-Altenwerth,19.48,Drama,295694267-0,27-03-1982
3,Beyond (Svinalängorna),Pansie Stibbs,Barton-Bergnaum,28.97,Drama,666231039-5,26-02-1980
4,"Final Inquiry, The (Inquiry, The) (inchiesta, L')",Tessa Weyland,Nader-Hansen,27.21,Adventure|Drama|Mystery,814932218-3,25-04-1971
5,Vengeance Can Wait,Roxanna Peidro,"Hodkiewicz, Reinger and Mills",36.86,Comedy|Drama|Romance,304421688-5,18-08-2001
6,Henry Poole is Here,Rorie Mico,"Torphy, Predovic and Dickens",47.08,Drama|Mystery,196649421-1,03-04-1938
7,"Ronde, La",Greta Vasyunichev,Doyle Inc,38.92,Drama,241052373-0,16-07-1978
8,Rio 2,Andris Kyneton,Jakubowski Inc,13.96,Adventure|Animation|Children|Comedy,736499839-X,29-02-1916
9,Satan Met a Lady,Nariko Thornally,Kling Group,27.09,Comedy|Drama|Mystery,293802141-0,04-06-1940
10,Diary of a Wimpy Kid: Dog Days,Henderson Berrey,Jones-Rolfson,5.69,Children|Comedy,592280911-3,25-06-1902
11,Children of Invention,Britteny Brandrick,"Prohaska, Witting and Langosh",26.3,Drama,661903259-1,31-03-1936
12,"Decameron, The (Decameron, Il)",Phoebe La Rosa,"Tromp, Mayer and Kshlerin",34.8,Comedy|Drama,705319035-8,17-12-1902
13,"Thin Line Between Love and Hate, A",Herold Huff,Collins-Lesch,43.31,Comedy,883692113-2,07-12-1981
14,Free Fall,Francisca Tisun,Howell-Bruen,18.3,Drama,462010013-7,26-04-1955
15,"Don Is Dead, The",Adah Papachristophorou,"Brown, Frami and Ortiz",27.72,Action|Crime|Drama|Thriller,650028069-5,03-02-1944
16,Lost in America,Fairleigh Macak,Shanahan and Sons,29.01,Comedy,932536349-6,02-02-1998
17,Randy Rides Alone,Sela Matuszak,"Hahn, DuBuque and Ferry",14.24,Western,010718240-8,15-05-1967
18,"Baxter, The",Levin Bonsale,Wunsch-Ziemann,22.21,Comedy|Drama|Romance,051262773-8,29-11-1940
19,Comandante,Bonny Pettitt,Dicki-Herman,23.91,Documentary,463344780-7,11-07-1900
20,Blood River,Juieta Aire,Rutherford-Stokes,29.14,Horror|Thriller|Western,385030984-3,30-01-2012
21,Blue,Joan Sprosson,"Kulas, Grady and Sauer",39.26,Drama,994071758-X,08-03-1965
22,Santa's Slay,Scarlett Alltimes,"Morissette, Bins and Mayer",7.98,Comedy|Fantasy|Horror,393440969-5,26-01-1924
23,Defendor,Fiorenze Tetford,"Altenwerth, Olson and Pfeffer",49.27,Comedy|Crime|Drama,471833058-0,29-09-1918
24,Eureka (Yurîka),Marin Dent,Stanton-Goodwin,16.22,Drama,324466347-8,17-02-1921
25,La cravate,Vale Hovell,Lubowitz-Schowalter,46.27,(no genres listed),421035325-6,13-05-1965
26,Iraq for Sale: The War Profiteers,Modestine Van der Daal,Murazik LLC,0.59,Documentary,334022805-1,31-10-1908
27,No Escape,Ashil Dallon,"Keebler, O'Keefe and Brown",35.94,Action|Drama|Sci-Fi,217896905-4,27-08-1903
28,Reservoir Dogs,Gaylene Westhoff,Schmitt-Wisozk,42.86,Crime|Mystery|Thriller,637891515-6,25-08-1997
29,Captain America,Corabella Breem,Wisoky and Sons,33.91,Action|Fantasy|Sci-Fi|Thriller|War,966328578-8,03-01-1950
30,Hansel & Gretel: Witch Hunters,Kathleen McCrainor,Hodkiewicz-Block,43.67,Action|Fantasy|Horror|IMAX,992932205-1,14-09-1975
31,Confidentially Connie,Jack Crossgrove,Feil Inc,49,Children|Comedy,837228097-5,02-04-2008
32,"Bank, The",Jacqueline Franseco,"Bednar, Kozey and Luettgen",34.47,Thriller,594366630-3,13-11-1990
33,Raw Meat (Death Line),Ricki Candwell,Mosciski-Moore,40.82,Horror,830067906-5,11-06-1947
34,"Killing of America, The",Anthe Tomankiewicz,Dickens-Bergstrom,34.84,Documentary,082061033-X,21-05-1976
35,Rubber Johnny,Jordan Relfe,Schmitt and Sons,36.39,Animation|Horror,738842029-0,03-11-1989
36,Jackass 3D,Adelice Coleman,Boyle-Towne,38.78,Action|Comedy|Documentary,876069061-5,27-08-1975
37,"Sleeping Dictionary, The",Hermon Caldairou,Gusikowski LLC,1.29,Drama|Romance,222272821-5,01-08-1929
38,Tokyo Zombie (Tôkyô zonbi),Clara Siviter,Borer-Cummings,26.91,Action|Comedy|Horror,599841620-1,21-04-2000
39,Eraser,Nataline Sketcher,Dietrich and Sons,32.51,Action|Drama|Thriller,026813590-8,24-02-1945
40,Searching for Bobby Fischer,Valenka Bernadot,Gorczany and Sons,11.15,Drama,115101752-3,25-09-1978
41,Julian Po,Leann Woodstock,Marks-Bartell,11.74,Comedy|Drama,008830925-8,30-01-1947
42,"Rocket from Calabuch, The (Calabuch)",Claribel Scarrott,"Gusikowski, McClure and Stark",18.83,Comedy,926209293-8,29-07-1945
43,3 Little Ninjas and the Lost Treasure,Gertrudis Arnison,McLaughlin Inc,25.31,Action,368365254-3,19-10-1926
44,Eye for an Eye,Mozelle Blaszczak,Ryan-Robel,46.03,(no genres listed),640490924-3,31-10-2004
45,Spring Break,Everett Witts,Larson-Langworth,17.59,Comedy,351911036-9,09-12-1957
46,One Spy Too Many,Jojo Chaffen,Dibbert-Jacobi,39.32,Adventure|Crime,105915061-1,29-09-1936
47,Rolling Family (Familia rodante),Pepillo Reedshaw,Bode-Ebert,20.25,Comedy|Drama,758127530-2,23-08-1957
48,"Kiss Before Dying, A",Aura Hedges,Hackett-Marks,48.52,Thriller,553575510-9,09-12-1962
49,His Name Was Jason: 30 Years of Friday the 13th,Alfonse Kettle,Predovic Group,13.49,Documentary|Horror,665298378-8,05-07-1924
50,Elvis and Anabelle,Stephannie Winham,"Turner, Hills and Osinski",47.08,Drama|Romance,917020742-9,26-04-1927
51,"Russell Peters: Red, White and Brown",Mela Coping,Sauer-Klocko,25.19,Comedy|Documentary,480528857-4,19-10-1925
52,Aloha Summer,Esme Renackowna,Dickens Inc,4.55,Comedy|Drama,229686607-7,01-09-1906
53,Basket Case 2,Eva Letterese,Yundt-Zboncak,38.4,Comedy|Horror,558138140-2,04-05-2016
54,"Hired Hand, The",Stanley Mumberson,Denesik LLC,17.52,Western,661089803-0,25-08-1950
55,"Charge of the Light Brigade, The",Iggy Livingstone,"Hirthe, Connelly and Koelpin",13.01,Action|Adventure|Romance|War,101633237-8,27-08-1990
56,As Cool As I Am,Bartie Stolberg,Green and Sons,49.51,Comedy|Drama,410838387-7,13-11-1942
57,I Wish (Kiseki),Ashbey Grinnikov,"Tillman, Hudson and Bruen",42.8,Children|Drama,028900243-5,21-04-1999
58,Beginning of the Great Revival (a.k.a. The Founding of a Party),Nathan Marris,Bosco-Will,23.77,Drama|IMAX,090023197-1,14-11-2009
59,Don't Drink the Water,Karlik Ogers,"Ziemann, Hintz and Heidenreich",6.89,Comedy,670669175-5,11-06-1941
60,Sex & Drugs & Rock & Roll,Dorri Dwelly,"Crona, Hermiston and Predovic",12.08,Comedy|Drama,779444464-0,20-12-1980
61,Black Tights (1-2-3-4 ou Les Collants noirs),Vernice Yarrell,Waelchi Group,14.17,Drama|Musical,737669577-X,11-05-1985
62,Visitor Q (Bizita Q),Aloisia Soff,Sauer-Hintz,0.61,Comedy|Drama|Horror,055033996-5,25-10-2008
63,"Bridge on the River Kwai, The",Papagena Febre,"Bogisich, McClure and Powlowski",6.48,Adventure|Drama|War,610746689-4,10-02-1949
64,Ladyhawke,Orelee Saunder,"Barton, O'Reilly and Trantow",40.19,Adventure|Fantasy|Romance,791746519-5,04-11-1958
65,God Is the Bigger Elvis,Valerie Luckcock,Pouros-Bradtke,27.88,Documentary,847391489-9,03-07-1918
66,God Is the Bigger Elvis,Alyss Burth,"Weissnat, West and Herzog",40.97,Documentary,462730295-9,14-03-1915
67,"Kiss Before Dying, A",Shanon Irwin,"Heaney, Schiller and Rohan",21.87,Thriller,860171266-5,04-02-1906
68,Tattooed Life (Irezumi ichidai),Sara-ann Baxster,Satterfield Inc,34.93,Crime|Drama,936397589-4,06-05-1931
69,Europa (Zentropa),Mimi Scogings,Hamill-Farrell,23.52,Drama|Thriller,599803667-0,16-02-1994
70,Blame it on Fidel! (La faute à Fidel!),Abram Beeswing,O'Hara-Keeling,22.02,Drama,002150082-7,17-02-2000
71,"World Is Not Enough, The",Sonny Rawsthorn,White-Brekke,11.71,Action|Adventure|Thriller,608671464-9,27-02-1950
72,City Hall,Bambie Yakushkin,Simonis-Purdy,44.66,Drama|Thriller,266976590-4,11-01-1988
73,Boy Eats Girl,Orelee Louth,Erdman-Beahan,11.5,Comedy|Horror,406664302-7,29-10-1988
74,"Toll of the Sea, The",Allissa Mustard,Torphy LLC,28.48,Drama|Romance,212462921-2,05-09-1918
75,No Such Thing,Mildrid Lilleyman,Graham-Hudson,40,Drama|Fantasy|Romance,190201319-0,02-06-1940
76,Celeste and Jesse Forever (Celeste & Jesse Forever),Susanna Rawson,Schmidt-Mohr,43.35,Comedy|Drama|Romance,907724254-6,12-06-1907
77,Bad Asses (Bad Ass 2),Marcille MacMichael,Frami-Ferry,31.07,Action|Drama,794510306-5,16-09-1976
78,After.Life,Gan Treacher,Koepp Inc,13.87,Drama|Horror|Thriller,700996755-5,06-11-1926
79,Bells of Innocence,Maryellen Pheasant,Dibbert Group,40.15,Horror,758773141-5,12-04-1908
80,Imago mortis,Brietta Gobbet,White-Weissnat,22.55,Horror,803088045-6,25-05-2017
81,The Town that Dreaded Sundown,Alvin Barrable,"Ward, Reichert and Jakubowski",48.27,Horror|Thriller,743198538-X,16-06-1934
82,Modulations,Marieann O'Fihily,Bins-Zieme,6.16,Documentary,273538772-0,20-10-2015
83,Ten North Frederick,Emeline Jirusek,"Bruen, Effertz and Hamill",21.13,Drama|Romance,203754702-1,24-12-1993
84,"Wedding in Blood (Noces rouges, Les)",Giuseppe Jaquest,Lynch-Green,49.5,Crime|Drama,179902941-7,21-11-2015
85,Girls Just Want to Have Fun,Isadore Troppmann,Mann-Collier,5.51,Comedy,776143491-3,26-06-1964
86,Steam,Darill Moorhead,Kshlerin Inc,11.35,Comedy|Drama|Romance,768880308-X,25-03-1933
87,Dying of the Light,Hercule Jaegar,Schiller LLC,5.3,Drama|Thriller,030006004-1,23-09-1954
88,Death Note,Hugo Geratasch,"Waters, Wuckert and Walker",9.76,Adventure|Crime|Drama|Horror|Mystery,971603932-8,15-01-1944
89,4.3.2.1,Kippy Oddie,Farrell Inc,11.7,Crime|Thriller,021083226-6,04-04-1910
90,The Boyfriend School,Aida Senten,Rice-Toy,41.77,Comedy|Romance,719204090-8,17-03-2004
91,"Hijacking Catastrophe: 9/11, Fear & the Selling of American Empire",Kendall Mayor,"Lebsack, Champlin and Mosciski",37.78,Documentary,332552313-7,15-02-1973
92,As If I Didn't Exist (Elina - Som om jag inte fanns),Judye Sollitt,Anderson Group,49.8,Children|Drama,054026590-X,15-08-1972
93,Kira's Reason: A Love Story (En Kærlighedshistorie),Kore Redgrove,"Oberbrunner, Ondricka and Volkman",46.45,Drama,569134168-5,18-01-1927
94,Eat Drink Man Woman (Yin shi nan nu),Lowrance Pentlow,Bartell and Sons,10.22,Comedy|Drama|Romance,288630072-1,28-07-1913
95,Fallout,Evaleen Giral,Mosciski-Halvorson,47.01,Action|Sci-Fi,559785243-4,05-07-2005
96,Houseguest,Irv Kemwall,"Hessel, Rodriguez and Mosciski",46.04,Comedy,337038027-7,16-11-1980
97,"Machine That Kills Bad People, The (La Macchina Ammazzacattivi)",Way Beatty,Jacobi and Sons,46.71,Comedy|Fantasy,603645139-3,25-04-1920
98,Barren Lives (Vidas Secas),Merrili Hatcliffe,Schneider Inc,22.94,Drama,543051535-3,03-11-2008
99,Skirt Day (La journée de la jupe),Drake Works,Jacobson Inc,9.74,Drama,990086970-2,25-07-1932
100,Kicking & Screaming,Humfried Risebarer,Boyer-Leannon,33.69,Comedy,409556778-3,17-02-1932
101,"Herod's Law (Ley de Herodes, La)",Fawn Ferrucci,Mohr-Ullrich,5.61,Comedy|Crime|Mystery,324895429-9,22-03-1923
102,B-Side,Dede Lukianov,"Rosenbaum, Kerluke and Schiller",48.28,Comedy|Romance,564748056-X,19-08-1973
103,Shiver (Eskalofrío),Tracy Wathan,"Waelchi, Wilkinson and Botsford",46.75,Horror|Thriller,040882574-X,04-03-1914
104,Love Bites,Christean Dorow,Kovacek LLC,18.66,Comedy|Romance,421352277-6,15-02-1990
105,You and Me (Ty i ya),Hyacintha Raye,"Wiza, Ankunding and Ritchie",39.99,Drama,370021586-X,07-05-1920
106,Tension,Rhody Liddiatt,Morar Group,44.93,Crime|Drama|Film-Noir|Romance,368417827-6,01-09-1952
107,Hit Lady,West O'Fearguise,Schinner-Howe,17.69,Crime|Drama|Thriller,700567186-4,22-10-1913
108,Fast Food Nation,Robby Tennick,"Swift, Skiles and Christiansen",23.13,Drama,685839441-9,27-01-1917
109,Once Were Warriors,Kailey Rosenberger,Kovacek-Mraz,20.57,Crime|Drama,502115695-0,17-10-1925
110,Männerherzen... und die ganz ganz große Liebe,Damara Sandom,"Pouros, Waelchi and Ward",3.03,Comedy|Drama|Romance,466842017-4,01-08-1945
111,"Pyromaniac's Love Story, A",Jessi Grief,"Wehner, Cruickshank and Schoen",15.54,Comedy|Romance,198814270-9,25-11-1951
112,F/X2 (a.k.a. F/X 2 - The Deadly Art of Illusion),Alva Oxenden,Hyatt-Metz,11.66,Action|Crime|Thriller,504383921-X,22-08-1973
113,Superman Unbound,Hardy Blazic,Purdy Group,12.3,Action|Adventure|Animation,181575979-8,16-01-1927
114,Class of 1999,Whitby Jennaway,Wunsch-Schmeler,47.13,Action|Horror|Sci-Fi,889402604-3,03-02-1964
115,Drive-In Horrorshow,Kipper Cursey,"Altenwerth, Mante and Feeney",9.34,Horror,350776570-5,07-12-2013
116,Malibu's Most Wanted,Buddy Bigmore,Leffler and Sons,45.52,Comedy|Crime,024346566-1,01-11-1974
117,Nina Frisk,Dino Darwent,"Haag, Hickle and Haag",13.07,Comedy|Drama,653015154-0,01-02-1976
118,Ragnarok,Tadeas Velareal,Padberg-Spinka,6.79,Action|Adventure,643697723-6,18-12-1933
119,i hate myself :),Tiffi Margerison,"Conroy, Greenholt and Hansen",30.12,Comedy|Documentary|Drama,823912900-5,18-09-2006
120,Shaft,Marsha Maharry,Ernser and Sons,35.47,Action|Crime|Thriller,285713441-X,17-06-1918
121,Arthur 2: On the Rocks,Livy Lexa,Oberbrunner Group,24.62,Comedy|Romance,900521838-X,31-12-2006
122,Legend of the Guardians: The Owls of Ga'Hoole,Chelsea Awcock,Goodwin Group,43.45,Adventure|Animation|Fantasy|IMAX,759464160-4,04-12-1951
123,Eklavya: The Royal Guard,Merle Mulliss,Graham-Greenfelder,13.21,Action|Drama|Thriller,155336013-3,30-07-1973
124,"Golden Compass, The",Cord Airds,"Rolfson, Emard and Hickle",14.92,Adventure|Children|Fantasy,679488375-9,11-07-1957
125,Parker,Paige Beldon,Stehr Inc,26.59,Crime|Thriller,015987883-7,29-09-1929
126,Battlefield Earth,Nickolaus Tallquist,Collins-Jerde,44.86,Action|Sci-Fi,504796696-8,10-06-2005
127,Tables Turned on the Gardener,Darcie Laybourn,Bartoletti and Sons,5.52,Comedy,473322534-2,18-06-1982
128,Woman in Love (Rubbeldiekatz),Palm Reddish,Mills Group,27.61,Comedy,194949657-0,05-11-1954
129,CrissCross,Lena Kneeshaw,"Fahey, Steuber and Lebsack",21.75,Drama,148877106-5,17-11-1922
130,My Mom's New Boyfriend,Aurelie Payley,Hettinger-Kulas,45.26,Action|Comedy|Romance|Thriller,315948249-9,27-04-1945
131,"Bucket of Blood, A (Dark Secrets) (Death Artist, The)",Donnell Aldam,Kiehn and Sons,26.29,Comedy|Horror|Thriller,184239970-5,21-09-1936
132,"Darwin Awards, The",Sharline Aberchirder,"Walsh, Dicki and Larson",5.98,Adventure|Comedy|Romance,427758164-1,11-06-1928
133,"Love Trap, The",Dion MacChaell,Schumm-Bechtelar,36.91,Comedy|Romance,173176167-8,06-10-1907
134,"No Blood Relation (Stepchild, The) (Nasanunaka)",Toddy Diloway,"Witting, Treutel and Wyman",13.94,Drama,900855474-7,28-01-1914
135,Dope,Lanita Maudling,"Wilkinson, Weimann and Schmidt",19.58,Comedy|Drama,847465637-0,22-11-1938
136,One Shot,Kyle Rathbourne,"Rosenbaum, Zulauf and Buckridge",13.58,Documentary,140259032-6,21-01-1923
137,Leave It to Beaver,Carlyle Whistlecraft,Adams-Bogan,47.96,Comedy,817432382-1,12-06-1960
138,Days of Being Wild (A Fei jingjyuhn),Rebecka Rickwood,Mertz-Goyette,17.44,Drama|Romance,607880878-8,30-01-1922
139,Brushfires,Normy Burley,Walter-Kohler,12.41,Drama,142524907-8,03-02-1989
140,Hadewijch,Gerardo Kummerlowe,"O'Conner, Friesen and Rosenbaum",41.7,Drama,504608608-5,22-11-1982
141,This Is 40,Laurel Banane,Tromp-Upton,15.24,Drama,807415004-6,07-06-2005
142,Piranha 3DD (a.k.a. Piranha DD),Annabella Walls,"Conroy, Cummings and Goodwin",36.73,Comedy|Horror,275443412-7,04-10-1965
143,Soloalbum,Abigail Lack,Zboncak-Luettgen,3.19,Comedy|Romance,101925065-8,16-07-2015
144,Day of the Falcon,Laurence Grinstead,Wisoky and Sons,49.97,Adventure|Drama,403607530-6,30-01-1910
145,Arlington Road,Rockey Broxup,"Ortiz, Wehner and Wilkinson",25.62,Thriller,928737903-3,30-04-2012
146,"Veteran, The",Jenny Pietruszka,Purdy-Schuppe,28.51,Action|Thriller,428043156-6,06-11-1925
147,Cluny Brown,Godfrey Napper,Mann and Sons,37.36,Comedy|Romance,669770952-9,02-01-2006
148,Little Sister,Davy Malimoe,Lehner Group,13.7,Comedy,611375995-4,02-08-1941
149,Girlhood,Morris Colby,Hermann-Goyette,47.44,Documentary,343918837-X,03-02-1904
150,Bela Kiss: Prologue,Corabel Duran,"Bartoletti, Crooks and Daniel",9.8,Horror|Mystery|Thriller,977500623-6,28-06-1935
151,Tears of Steel,Perceval Cano,Lakin and Sons,44.61,Sci-Fi,502749999-X,18-06-1996
152,Harry Potter and the Chamber of Secrets,Dorelia Vant,"Feest, Bradtke and Goldner",29.9,Adventure|Fantasy,718340411-0,11-03-1971
153,Monty Python: Almost the Truth - Lawyers Cut,Cirstoforo Braban,"Bernhard, Koch and Kemmer",4.28,Comedy|Documentary,424163851-1,17-03-1908
154,Tycoon (Oligarkh),El Verdey,Roberts-Ondricka,11.81,Crime|Drama,028181320-5,05-10-1955
155,"White Dwarf, The (Valkoinen kääpiö)",Lyndy Meiklam,Hilpert and Sons,8.46,Drama,388457331-4,05-01-1992
156,Bukowski: Born into This,Orlando Revelle,Cole Group,8.9,Documentary,434685027-8,25-08-1956
157,Women in Love,George Rickertsen,Swaniawski LLC,4.92,Drama,072526667-8,22-11-1948
158,"Last of the Mohicans, The",Humberto Toolan,Hamill Group,12.97,Adventure|Drama|War,797019993-3,21-03-1963
159,A Rumor Of War,Clarance McPharlain,"Bergnaum, O'Reilly and Corwin",48.77,(no genres listed),770990685-0,22-05-2009
160,F/X,Jorgan Ordelt,"Spinka, Langosh and Schmitt",25.49,Action|Crime|Thriller,599398117-2,01-11-1908
161,Scusa ma ti chiamo amore,Waylen Keeney,"Casper, Bradtke and Grady",46.53,Romance,253375656-3,22-06-1979
162,Don 2,Corissa Kalisz,Leannon and Sons,14.16,Action|Crime|Mystery|Romance|Thriller,862192830-2,03-10-1953
163,"Little Engine That Could, The",Duffie Kuschek,Kiehn Inc,38.8,Animation|Children,861899399-9,14-09-1968
164,Convoy,Gabey Shevell,"Stracke, Krajcik and Harvey",13.73,Action|Comedy|Drama,595038361-3,05-01-1983
165,Big Buck Bunny,Tilda Denyagin,Welch-Berge,20.67,Animation|Comedy,913912796-6,08-05-1968
166,Butterflies Are Free,Wildon Polon,"Gerhold, Dicki and Maggio",49.48,Comedy|Drama,646632898-8,03-02-1908
167,Amber Alert ,Rex Cumesky,Beer and Sons,25.18,Thriller,106690346-8,02-10-1938
168,Bang Bang,Violette MacCumiskey,"Spinka, Feil and Hessel",33.16,Comedy,806010683-X,11-08-1968
169,Not My Type,Manuel Danet,Muller and Sons,7.87,Comedy|Romance,974544463-4,27-07-1942
170,Dream Demon,Paddie Cromley,"Raynor, McKenzie and Dietrich",39.1,Horror,712810010-5,22-02-1943
171,"Private Life of Sherlock Holmes, The",Glenn Anstey,"Kshlerin, Blick and Toy",48.81,Comedy|Drama|Mystery,012357126-X,18-05-1935
172,The Fourth War,Anjela Helder,Hilpert LLC,5.94,Drama|Thriller,710816420-5,15-02-1921
173,"Crush, The (La cotta)",Giovanna Klimkov,Morar and Sons,38.58,Romance,568299160-5,28-03-1938
174,"War Wagon, The",Roobbie Devall,Funk Inc,21.61,Action|Western,470322662-6,25-08-1949
175,Looking for Hortense (Cherchez Hortense) ,Drusie Scaice,Schroeder-Quitzon,44.91,Drama,136409195-X,03-09-1963
176,Seven Years Bad Luck,Rica Sokill,"Cremin, Ruecker and Mills",24,Comedy,125838105-2,30-05-1956
177,Viva,Rafael Gherardini,Beer Inc,2.13,Comedy|Drama|Musical,008578669-1,15-09-1911
178,Take a Girl Like You,Cynde Middler,Kozey Inc,6,Comedy|Drama|Romance,148627867-1,30-06-1928
179,"Piano, The",Celina Cleyne,"Lemke, Will and Steuber",44.22,Drama|Romance,608909074-3,14-05-1976
180,"Prince and the Pauper, The",Jacob Wollard,"Moen, Howe and Murazik",9.2,Adventure|Drama,955665305-8,05-08-1916
181,London - The Modern Babylon ,Madge Shillingford,"Boehm, Murray and Lockman",10.94,Documentary,815274947-8,27-03-2009
182,"Cage aux Folles, La",Francisca Gallant,Graham-Rempel,33.22,Comedy,700295582-9,03-06-1912
183,Up,Robinet Gawen,"Hirthe, Howe and Glover",19.18,Adventure|Animation|Children|Drama,379199310-0,18-06-1939
184,"Love, etc.",Loydie Inkpen,"Predovic, Monahan and Greenholt",49.97,Drama,343433883-7,09-04-1947
185,Amistad,Nanice Redmain,Harber-Rodriguez,3.05,Drama|Mystery,450383342-1,17-07-1966
186,My Best Friend (Mon meilleur ami),Tallou Fumagalli,Jerde Group,36.91,Comedy,879802310-1,25-11-2007
187,"Season for Miracles, A",Grenville Growy,White-Rau,23.97,Children|Romance,049938599-3,06-12-2002
188,Killjoy 2: Deliverance from Evil,Elberta Gurdon,Kertzmann LLC,8.39,Horror,310756416-8,16-12-2000
189,Starflight: The Plane That Couldn't Land,Clay Leall,Tremblay-Haag,13.11,Drama|Sci-Fi,610030249-7,05-05-1916
190,"U.S. vs. John Lennon, The",Nollie Gatman,Kautzer LLC,13.65,Documentary,367472751-X,23-11-1986
191,Bunraku,Morena Ravenshaw,"Becker, Borer and Green",34.88,Action|Drama|Fantasy,152088232-7,17-09-1986
192,Stonewall,Ophelie Swatten,Cronin Group,30.25,Drama,676105227-0,27-08-1945
193,Insidious: Chapter 2,Byrom Balcock,"Hermann, Monahan and Yundt",44.8,Horror|Thriller,656596927-2,02-12-1922
194,Still Walking (Aruitemo aruitemo),Yevette Redsull,"Nader, Murazik and Moen",6.47,Drama,482743023-3,23-05-1986
195,Night Patrol,Nana Hick,Deckow-O'Kon,8.78,Comedy,462666370-2,15-09-1969
196,Pokémon 3: The Movie,Timofei Gilluley,Crona-Pacocha,44.03,Animation|Children,317388267-9,26-09-1995
197,Foolproof,Belinda Fearns,Towne-Denesik,41.21,Action|Comedy|Crime|Thriller,948146801-1,18-09-1967
198,Bull Durham,Temple Canete,Simonis-Schmeler,37.18,Comedy|Drama|Romance,805709618-7,25-01-1994
199,American Yakuza,Ariadne Simmen,Parisian and Sons,30.35,Action|Drama|Thriller,855927506-1,12-04-1982
200,Momo,Dulci Glandon,"McClure, McClure and Bednar",11.63,Animation|Children|Fantasy,363274557-9,02-03-2016
201,"11th Hour, The",Fee Hasluck,"Pouros, Goldner and Bauch",17.59,Documentary,103426184-3,31-08-1983
202,Thale,Klara Glascott,"Hauck, Bernier and Lubowitz",49.74,Action|Drama|Horror|Mystery,917640228-2,16-05-1966
203,Wrestling for Jesus: The Tale of T-Money,Mateo Burhill,Rippin and Sons,47.39,Documentary,731457347-6,13-05-1926
204,Lord Jim,Demetria Showte,"Nader, Morar and Kling",34.42,Adventure|Drama,000819207-3,18-06-1903
205,Two Friends,Shellie Campione,Beatty-Terry,15.21,Drama,720203135-3,18-05-1947
206,Georgia,Heinrick Lanney,Beatty and Sons,2.73,Drama,696385240-5,15-07-1920
207,Glowing Stars,Barbabas Eddisforth,"Kunze, Abernathy and Corwin",31,Drama,181444718-0,24-12-1983
208,Three Colors: Blue (Trois couleurs: Bleu),Jobie Jent,"Conroy, Mosciski and Cassin",11.64,Drama,730297311-3,20-03-1922
209,Patriotism (Yûkoku),Alethea Shutler,Corkery LLC,33.63,Drama,335094562-7,31-01-1961
210,"Rumor of Angels, A",Jelene Pleasaunce,Quitzon LLC,29.62,Drama,025501356-6,30-11-1982
211,Hero Wanted,Jammie Yerlett,Kuhn-Yundt,31.29,Action|Crime|Drama|Thriller,472550895-0,02-09-1906
212,The Adventures of André and Wally B.,Jaclyn Rontsch,Dicki-Rodriguez,38.44,Animation,054650561-9,02-03-1955
213,Splinter,Ferne Offiler,Herzog-Witting,19.76,Action|Horror|Thriller,325246492-6,06-08-1909
214,"Island, The (a.k.a. Naked Island) (Hadaka no shima)",Mathilde Mepsted,Marvin-Conroy,23.02,Drama,618776679-2,13-10-1932
215,Falling (a.k.a. Fallen),Berrie Fishbourne,Hodkiewicz-Gutmann,6.25,Drama,059187496-2,06-08-1960
216,Korso,Peggie Rodder,Cronin-Dickens,17.35,Drama,206483931-3,12-11-1968
217,"Count Yorga, Vampire",Julian Couronne,Kerluke Group,30.92,Drama|Horror|Romance,049582198-5,23-12-1958
218,Bone,Amaleta Gomez,Smith-Ondricka,22.51,Comedy,997723173-7,02-05-2007
219,Good Neighbor Sam,Adolphus Bengough,Schamberger Inc,13.69,Comedy,221214162-9,10-04-1931
220,Aces 'N' Eights,Gun Niemiec,Frami-Romaguera,20.4,Action|Adventure|Drama|Romance|Western,163521674-5,07-10-1987
221,"White Rose, The (Weiße Rose, Die)",Alanah Laneham,"Ullrich, Ferry and Wolff",26.39,Drama|Film-Noir,995455922-1,05-06-1974
222,xXx,Ty Terbruggen,Ziemann-Greenfelder,13.11,Action|Crime|Thriller,474378831-5,06-02-1941
223,"Church, The (Chiesa, La)",Randolph Rushbury,Gaylord-Schowalter,26.38,Drama|Fantasy|Horror,978538215-X,09-06-1985
224,Revenge of the Green Dragons,Adriana Powelee,"Russel, Douglas and Boyer",15.26,Action|Crime|Drama,033764271-0,20-07-1930
225,When You're Strange,Farley Fowles,"Cronin, Kutch and Schiller",18.99,Documentary,541078019-1,03-12-2005
226,Sword of the Valiant,Viki Patriche,"Bosco, Stamm and Smitham",14.69,Action|Adventure|Fantasy|Romance,448916661-3,09-12-1995
227,Cause for Alarm!,Ludovika Fantone,"Cassin, Leffler and Kub",27.01,Crime|Drama|Film-Noir|Thriller,475167076-X,23-07-1994
228,Get Him to the Greek,Culver Snead,"Wehner, Shanahan and Bruen",36.53,Comedy,133084390-8,28-03-1967
229,I Am Dina,Wilt Twentyman,Zboncak Group,13.35,Crime|Drama|Mystery|Romance,808477125-6,22-12-1900
230,Mille bolle blu,Yorgos Pettitt,Howe-Gerhold,31.38,Comedy,304907182-6,20-03-1960
231,Sunset Strip,Elvyn Bousfield,Osinski-Okuneva,15.64,Comedy,765028868-4,20-04-1993
232,Conversations with Other Women,Albertine Mattiuzzi,Mueller Inc,42.49,Comedy|Drama|Romance,419981002-1,30-01-1988
233,Jesus of Nazareth,Mignonne Gourdon,Cummings and Sons,2.55,Drama,498230381-9,12-06-1924
234,Rabid,Far Howells,Murray Group,32.94,Horror|Thriller,150224652-X,04-12-2001
235,Stealing a Nation,Barris Glasson,"Klocko, Weissnat and Skiles",6.41,Documentary,690684926-3,27-01-1998
236,"Promoter, The (Card, The)",Rodge Pietrusiak,Kiehn LLC,8.38,Comedy,590776045-1,23-10-1991
237,Mafioso,Timoteo Joynson,"Botsford, Wehner and Welch",43.22,Comedy|Crime|Drama,796980855-7,10-11-1978
238,Buddha Collapsed Out of Shame,Cristine Clem,Schneider Inc,4.05,Drama|War,535361673-1,30-10-1926
239,Puppet Master,Jordan MacQuist,Bashirian Group,16.44,Horror|Sci-Fi|Thriller,858187103-8,01-11-1967
240,Sanatorium,Averill Jesse,Streich-Cole,28.17,Thriller,917725856-8,22-01-1976
241,"Midsummer Night's Party, A (Midsummer of Love, A) (Sommaren med Göran)",Mariska Scole,Walsh Group,2.07,Comedy,519428659-7,01-05-1958
242,Judge Dredd,Cooper Ioannou,Pfannerstill-Morar,3.31,Action|Crime|Sci-Fi,360621993-8,23-06-1975
243,"Bridge, The (Brücke, Die)",Eustacia Northall,"Feil, Casper and Marvin",0.71,Drama|War,900797565-X,29-11-1972
244,"Men Who Made the Movies: Samuel Fuller, The",Sallyann Ware,Wilkinson-Weimann,22.6,Documentary,015629772-8,03-03-1939
245,"Deal, The",Malissa Reason,"Adams, Sanford and Hackett",9.17,Drama,535836904-X,31-05-1981
246,"Warm December, A",Bran Yakunkin,Bernier-Stanton,43.95,Drama|Romance,398049808-5,03-10-2002
247,"Yes Men, The",Marcelia Spilling,"Schoen, O'Kon and Howe",15.89,Documentary,717786336-2,15-06-1977
248,"Crimson Permanent Assurance, The",Clerkclaude Soan,Schuppe Group,16.57,Adventure|Comedy,458775252-5,05-11-1990
249,Taxi zum Klo,Jamil Poyle,Kling-Purdy,27.93,Comedy,214588244-8,08-10-1933
250,"Triumph of the Nerds, The: The Rise of Accidental Empires",Hamish Camin,"Mayert, Kuhic and Monahan",4.76,Documentary,032520338-5,30-07-1952
251,"Mysterious Geographic Explorations of Jasper Morello, The",Wally Niset,"Deckow, Bauch and Haley",13.4,Adventure|Animation,872269969-4,24-05-1936
252,Old Man Made in Spain (Abuelo made in Spain),Morganne Swainston,"Sauer, Carroll and Daugherty",7.43,Comedy,282661790-7,03-02-1969
253,"Hot Spot, The",Putnem Saich,Lind LLC,5,Crime|Drama|Romance,197626152-X,26-09-1918
254,"Angriest Man in Brooklyn, The",Nial Pes,"Herman, Paucek and Fritsch",45.06,Comedy|Drama,595957013-0,03-08-1901
255,"Happy Ending, The",Valina Paulich,Dooley Group,31.65,Drama,224583369-4,14-04-1947
256,"Subject Was Roses, The",Eloise Sidwell,Bogisich-Mohr,21.18,Drama,005155411-9,14-04-1915
257,Allegheny Uprising,Garret Golby,Rath and Sons,49.19,Action|Adventure|Western,384033434-9,21-08-1931
258,"Master and Margaret, The (Il maestro e Margherita)",Ceil McGillivray,Emmerich-Ward,14.49,Drama|Fantasy|Romance,433389461-1,13-01-2004
259,To Live (Huozhe),Marji Bertrand,Konopelski and Sons,49.99,Drama,830977451-6,13-05-2012
260,Lotta på Bråkmakargatan,Tobit Fenix,"Prosacco, Ernser and Kovacek",4.13,Children,814021990-8,09-01-2004
261,"Awakening, The",Franklin Hukin,Schmeler LLC,15.29,Horror,518491141-3,20-11-1951
262,Imago mortis,Geno Bartolomeazzi,"White, Hermann and Kilback",31.24,Horror,037755401-4,24-03-1973
263,Real Genius,Ira Allan,Trantow-Von,34.88,Comedy,434772719-4,26-04-1937
264,Skeleton Man,Johnna Soar,Bergnaum-Stamm,6.04,Action|Horror,251569062-9,09-04-1947
265,Legends of the Canyon,Nicholas Kierans,"Rogahn, Kovacek and Shields",18.28,Documentary,996424616-1,31-03-1943
266,Foodfight!,Terri Grzeskowski,Friesen and Sons,6.55,Action|Animation|Children|Comedy,682218554-2,30-06-1996
267,Undisputed,Hurleigh Kinchley,Bergnaum and Sons,20.1,Drama,035742946-X,11-03-1939
268,Virus X,Ignaz Davy,"Walker, Gulgowski and Volkman",9.23,Horror|Sci-Fi,925497866-3,30-11-1951
269,Sea Fog,Dacia Ellams,"Schoen, Greenholt and Ward",46.67,Drama,544630439-X,30-12-1993
270,Neon Flesh (Carne de neón),Teodoor Robjohns,Haley-Powlowski,10.96,Comedy|Drama,815440341-2,07-04-1907
271,"Softening of the Egg, The (Ägget är löst!)",Janka Lilliman,"O'Hara, Simonis and Harris",45.4,Comedy|Drama,560484328-8,31-05-2006
272,O,Madelyn Brounfield,Wiegand-Dickens,40.61,Drama,461797056-8,27-09-2011
273,Senso,Ashlie Serot,Reilly-Ankunding,7.02,Drama|Romance|War,187607453-1,28-01-2013
274,Psycho Beach Party,Nicoli Harkins,Doyle-MacGyver,31.57,Comedy|Horror|Thriller,176271925-8,06-08-2005
275,Rigor Mortis (Geung si),Pasquale Drewes,"Rice, Lindgren and Beier",40.26,Action|Drama|Horror,845836001-2,08-11-1913
276,The Princess of Egypt,Hyacinth Rattenberie,Jacobs LLC,46.45,Drama,324570201-9,05-09-1996
277,Overboard,Rona Van Der Vlies,Daugherty Inc,34.95,Comedy|Romance,497718830-6,08-02-1907
278,Cousins,Ameline Cearley,Mertz-Morissette,42.14,Comedy|Romance,437519838-9,02-11-1950
279,"Errand Boy, The",Lia Casbon,Legros LLC,12.15,Comedy,303412080-X,19-05-1983
280,"Leopard Son, The",Isidor Slaney,"Moore, Emard and Jast",5.6,Documentary,710488579-X,28-08-2013
281,Sexual Predator,Brigida Klazenga,"Upton, Kshlerin and Wisoky",11.13,Thriller,859521576-6,06-06-1926
282,Slasher House,Ferris Nuth,"Hauck, Padberg and Gibson",36.75,Horror,536138091-1,14-01-1981
283,Battle of the Year,Earle Ingarfield,Schulist-Klein,17.03,Musical,986561711-0,11-06-1942
284,Hotel Chevalier (Part 1 of 'The Darjeeling Limited'),Mallissa Nardi,Skiles LLC,37.29,Drama,561517360-2,17-03-1936
285,Sonic Outlaws,Rey Reina,Smith-Lueilwitz,42.08,Documentary,616845594-9,12-05-1906
286,Darby O'Gill and the Little People,Kylen Milstead,Heathcote-Muller,39.13,Adventure|Children|Fantasy,048256759-7,22-11-1917
287,My Name Is Joe,Mariele Jedrzejewsky,Murphy-Dibbert,46.18,Drama|Romance,216146739-5,23-07-2007
288,This Island Earth,Arlie Crowest,Orn Group,26.38,Sci-Fi,435002057-8,19-08-1921
289,"Loved One, The",Hildegarde Stogill,Hilll LLC,38.58,Comedy,579105129-8,29-05-1922
290,Yellow Sky,Charmaine Harpham,Rutherford Group,37.8,Crime|Western,274448980-8,13-08-1910
291,Love with the Proper Stranger,Edy Gaythor,Stracke-Krajcik,0.34,Comedy|Drama|Romance,598228123-9,09-10-1933
292,Her Alibi,Curt Greedier,"Connelly, Schinner and Jenkins",17.74,Comedy|Romance,705137073-1,18-07-1924
293,"Collector, The (Komornik)",Ellerey Dedrick,Ward-Gleason,36.9,Drama,139683898-8,13-07-1932
294,"Music Lovers, The",Towney Jakeman,Goyette and Sons,29.91,Drama,373985519-3,08-01-1904
295,"Unknown Soldier, The (Unbekannte Soldat, Der)",Gearard Parkhouse,"Miller, Bins and Bailey",30.17,Documentary,298933134-4,07-05-2001
296,"Devil's Playground, The",Klaus Melbourn,"Murray, Kub and Murray",23.08,Drama,284851394-2,28-06-1940
297,"Chase, The",Hirsch Petrasch,"Howell, Schmeler and Balistreri",33.74,Action|Adventure|Comedy|Crime|Romance|Thriller,150372280-5,13-08-1951
298,Donkey Punch,Arie Kendrick,Hauck-Kub,42.95,Horror|Thriller,509217323-8,25-02-1952
299,Aziz Ansari: Dangerously Delicious,Misti Risbrough,"Dickens, Pouros and Rutherford",31.1,Comedy,961564139-1,04-03-1973
300,Rize,Mathew Noble,Kertzmann Inc,41.56,Documentary,090960012-0,10-02-1908
301,Showgirls,Joice Dehm,"Stamm, Becker and Feil",19.65,Drama,416039100-1,08-10-2012
302,Michael Clayton,Paulette Howgate,Gulgowski and Sons,30.56,Drama|Thriller,805883214-6,06-07-2016
303,Sweet Bunch (Glykia symmoria),Shurlock Commucci,Mohr-Leffler,42.01,Crime|Drama|Thriller,417957082-3,15-01-1957
304,CQ,Quincy Klimkiewich,Lindgren-O'Reilly,15.38,Drama,368440139-0,17-12-2007
305,Kiss of the Dragon,Elsi Adanez,Corkery-Gulgowski,36.41,Action,001817196-6,17-01-2017
306,Reeker,Bernadene Wrist,"Batz, Wisoky and White",48.1,Horror|Mystery,769869247-7,08-02-2006
307,GhostWatcher,Fanechka Kiloh,"Kuhn, Shields and D'Amore",18.62,Horror|Mystery|Sci-Fi,181907558-3,25-07-1935
308,Purpose,Baillie Frill,Runolfsson Group,31.47,Drama,756866877-0,02-10-1918
309,Blondes at Work,Norris Fosdyke,"Mosciski, Hilpert and O'Connell",5.11,Crime|Drama|Mystery|Romance,978475518-1,01-09-1965
310,"Reader, The",Laurena Buttress,Volkman-Murray,36.86,Drama|Romance,689350910-3,05-12-1947
311,My Sweet Pepper Land,Zia Chastang,Koss-Klein,18.33,Drama,007881463-4,16-05-2013
312,I Am (Jestem),Jone Honisch,Cummings-Runolfsdottir,39.81,Drama,624155725-4,08-06-2014
313,Fast Food Nation,Jozef Jeanin,Casper Group,17.46,Drama,892466209-0,07-05-1921
314,Schultze Gets the Blues,Alys Hansley,Rau LLC,18.37,Comedy|Drama,357659246-6,14-10-1950
315,Hercules in the Underworld,Ediva Boeck,Kulas-Pouros,15,Action|Adventure|Fantasy|Sci-Fi,036903797-9,15-10-1997
316,Mail Order Bride,Giselle Connolly,Smitham-Sanford,11.82,Comedy|Western,701859813-3,20-07-1996
317,"Blue Bird, The",Jose Fawlks,Braun LLC,23.36,Children|Fantasy,893719484-8,16-04-1973
318,Cranford,Faustina Dowthwaite,Davis Inc,40.99,Drama,180168774-9,27-02-1931
319,"Internecine Project, The",Averill Shermore,Kris-Sanford,49.59,Action|Thriller,402603836-X,19-12-1929
320,The Golden Cage,Frank Pacitti,Will-Miller,48.72,Drama,209236891-5,18-04-1937
321,None But the Brave,Ulrica Pietersma,Wintheiser-Keeling,10.36,Drama|War,878602619-4,13-12-1949
322,Journey 2: The Mysterious Island,Lek Bryce,Murphy-Mitchell,45.1,Action|Adventure|Comedy|Sci-Fi|IMAX,533953838-9,19-03-1993
323,Toy Story,Colene Hartford,Senger-Stamm,41.1,Adventure|Animation|Children|Comedy|Fantasy,079103423-2,19-02-1989
324,"Bitter Tea of General Yen, The",Tarrance Esplin,Legros Group,49.65,Drama|Romance|War,154510003-9,28-09-1935
325,Ghost,Danny Peebles,"Oberbrunner, Schoen and Gibson",25.39,Comedy|Drama|Fantasy|Romance|Thriller,136841101-0,16-01-1925
326,Operation Mad Ball,Manda Larenson,Ziemann-Kshlerin,25.46,Comedy|War,270515790-5,21-04-1938
327,$9.99,Keslie Bachman,Oberbrunner LLC,15.71,Animation,639829437-8,22-03-2011
328,Battle for Haditha,Blair Gulston,Conroy-Flatley,49.08,War,489900494-X,26-12-2006
329,I See a Dark Stranger,Kym Melloi,Schaden Inc,41.77,Romance|Thriller,987150613-9,15-07-2009
330,Halls of Montezuma,Glenn Bentjens,"Auer, Weissnat and Cartwright",11.76,Adventure|War,447059477-6,17-06-1900
331,My Louisiana Sky,Trent Bellworthy,Wunsch-Larkin,14.74,Drama,738109880-6,07-05-1959
332,"Madness of King George, The",Boote Schubbert,"Morar, Spinka and Waters",27.4,Comedy|Drama,488021523-6,31-10-2001
333,Elevator to the Gallows (a.k.a. Frantic) (Ascenseur pour l'échafaud),Roddie O'Cannovane,"Weimann, Swift and Feeney",1.68,Crime|Drama|Thriller,995549821-8,08-07-1946
334,"Eye 2, The (Gin gwai 2)",Jodie Skypp,"Daugherty, Donnelly and Bernhard",24.11,Horror|Thriller,784499311-1,12-10-2015
335,Georgy Girl,Korry Cowing,Pacocha and Sons,6.46,Comedy,048807214-X,22-07-1958
336,"Bonaerense, El",Johny Heinl,Von-Stanton,36.3,Action|Drama,643133363-2,16-04-1976
337,It's Complicated,Mickey Goodson,Hermiston-Brakus,37.03,Comedy|Romance,625660700-7,09-11-1927
338,Table No.21,Marven Emps,"Ryan, Miller and Gerlach",17.13,Drama|Thriller,772510636-7,09-05-1964
339,Murder on Flight 502,Bliss Forrington,Keeling-Kihn,13.87,Drama|Mystery|Thriller,814683120-6,24-03-1918
340,Yankee Zulu,Janaya Padefield,Simonis-Thiel,23.7,Comedy|Drama,720848385-X,22-11-1904
341,Lethal Weapon 3,Allan Fuggles,"Stark, Hyatt and Wolf",21.34,Action|Comedy|Crime|Drama,930585551-2,02-05-1910
342,Cannibal Women in the Avocado Jungle of Death,Bryan Lytton,"Morar, Moore and Mertz",36.89,Action|Comedy,374198051-X,18-10-2000
343,Zoot Suit,Shanta Roobottom,Little-Koch,26.91,Drama|Musical,136445289-8,01-09-1910
344,"Emergency Escape, The (Wyjscie awaryjne)",Cris Lampard,Sporer-Donnelly,41.12,Comedy,587835926-X,29-11-1913
345,"Lost Skeleton of Cadavra, The",Sal Ofer,Kessler Inc,26.06,Comedy|Horror|Sci-Fi,506946574-0,11-04-1921
346,D-War (Dragon Wars),Peder Dochon,Rolfson-Thiel,26.31,Action|Adventure|Drama|Fantasy,344380717-8,17-02-1991
347,BloodRayne: Deliverance (BloodRayne II: Deliverance),Fabe Duplain,"Kutch, Harris and Trantow",13.39,Action|Fantasy|Western,905032435-5,26-07-2000
348,Feds,Emilie Soppit,Howe-Daniel,16.33,Comedy,881697919-4,14-10-2017
349,Dark Horse,Janek Danes,Wisoky and Sons,36.34,Drama,590281453-7,21-05-1955
350,Pearls and Pigs (Helmiä ja sikoja),Taite Blondell,"Becker, Herzog and Runolfsson",4.82,Comedy,915629638-X,02-05-1934
351,Petits Freres (Petits Frères),Jermaine Rouse,Boyle-Kuhlman,36.49,Drama,581602804-9,13-06-1935
352,Amy's O (a.k.a. Amy's Orgasm),Leilah Fery,"Langworth, Christiansen and Walter",9.85,Comedy|Romance,911925752-X,18-10-1951
353,Little Big League,Roselin Bordessa,Waelchi and Sons,40.54,Comedy|Drama,939720638-9,05-01-2004
354,One to Another (Chacun sa nuit),Fabien Dowdeswell,"Torphy, Stroman and Kozey",29.93,Drama,177107433-7,29-03-1943
355,Romeo Must Die,Field Townrow,Rogahn and Sons,37.81,Action|Crime|Romance|Thriller,271590684-6,18-02-1927
356,Salaam Cinema,Dino Kittiman,"Spinka, Wolf and Douglas",16.08,Comedy|Documentary|Drama,251953332-3,29-03-1975
357,Naked Weapon (Chek law dak gung),Gail Cumberledge,Kuhn-McClure,43.92,Action|Drama|Romance|Thriller,744644775-3,02-08-1976
358,Grosse Pointe Blank,Willabella Nutbeam,Smitham-Mraz,13.3,Comedy|Crime|Romance,930161315-8,07-02-1937
359,Wer,Dorian Ros,Hills Inc,24.91,Horror|Mystery|Thriller,049300967-1,14-04-2012
360,Dragnet,Margie Balsom,Doyle and Sons,24.28,Comedy|Crime|Drama,963239138-1,17-02-1978
361,Captains Courageous,Otis Brussels,"Franecki, Weber and Bayer",24.89,Adventure|Drama,238827377-3,21-04-1913
362,"Blacksmith, The",Mureil Hanby,Volkman and Sons,21.95,Comedy,446850949-X,21-04-1976
363,Macbeth,Shandeigh Palomba,Goldner and Sons,35.12,Drama,871272151-4,11-12-1928
364,The Sea That Thinks,Jaimie Tolomio,VonRueden Inc,46.97,(no genres listed),071482291-4,09-05-1938
365,"Fly, The",Nanine Landsman,"Schmeler, Smitham and Schmitt",21.84,Horror|Mystery|Sci-Fi,132090764-4,22-11-1942
366,Eva,Tonnie Gilffilland,Crooks-Nienow,44.92,Drama|Fantasy|Sci-Fi,228347304-7,06-12-1943
367,I'll Follow You Down,Nobe Savery,Adams-West,40.82,Drama|Mystery|Sci-Fi,660869957-3,16-07-1914
368,"House by the Cemetery, The (Quella villa accanto al cimitero)",Winnifred Leber,"Casper, Weimann and Rippin",34.66,Horror,894293686-5,31-12-1912
369,Evening,Willamina Eger,"Wunsch, Wisoky and Jacobson",46.56,Drama,742445146-4,18-11-2011
370,"Silence Before Bach, The (Die Stille vor Bach) ",Erna Le Merchant,Funk LLC,4.63,Musical,445941004-4,08-09-1953
371,Urbania,Ave Clougher,Kihn-Graham,23.87,Drama,080441520-X,16-01-1919
372,Barton Fink,Cosetta Coton,Reichel and Sons,32.8,Drama|Thriller,540707380-3,15-07-1979
373,United,Willabella Molnar,Gibson LLC,25.04,Comedy|Romance,083566264-0,13-09-1951
374,Scorned,Danielle Rosewell,Spencer-Walker,21.33,Thriller,428419284-1,24-02-2004
375,Rouva presidentti,Rhody Petrie,Toy-Boehm,26.97,Documentary,468231959-0,26-10-1979
376,Extraterrestrial (Extraterrestre),Debee Anetts,"Schmidt, Green and Weissnat",40.54,Comedy|Drama|Sci-Fi,564690321-1,20-07-1901
377,Star Trek Into Darkness,Maggy Rableau,"Homenick, Fisher and Fahey",15.55,Action|Adventure|Sci-Fi|IMAX,692389701-7,24-10-2005
378,Super Hero Party Clown,Donella Bettenay,"Harris, Kerluke and Quitzon",46.9,Comedy|Romance,561676611-9,16-03-2012
379,"Stranger in Me, The (Das Fremde in mir)",Nataniel Gillions,"Hermiston, Osinski and Hammes",31.19,Drama,946951016-X,07-08-1965
380,Tough Guys,Garfield Vasyanin,Mante Inc,6.37,Comedy,631037659-4,25-02-1911
381,Anzio,Joan Yo,"Breitenberg, Hahn and Buckridge",38.17,War,727915213-9,31-07-1990
382,"Think Fast, Mr. Moto",Amitie Risebarer,Hahn-Leannon,32.02,Crime|Drama|Mystery|Thriller,103621377-3,20-05-1953
383,Wives and Lovers,Nertie Ramsey,Dare-Grady,28,Comedy,075070721-6,23-10-1946
384,Body Count,Hastings Scardifeild,Klocko Group,9.63,Comedy|Crime|Drama|Thriller,723763818-1,10-05-1916
385,Dallas Buyers Club,Brigg Vasilov,Stroman-Conroy,24.64,Drama,754419196-6,27-09-1938
386,Psyhi vathia (a.k.a. Deep Soul),Burl Willcox,Hills Inc,42.01,Drama|War,435982599-4,20-05-1964
387,"Stone Angel, The",Tedra Everly,Halvorson-Hyatt,24.79,Drama,354488504-2,06-01-1972
388,Frogs for Snakes,Tabitha Davidovic,Gerhold-Friesen,18.66,Comedy|Film-Noir|Thriller,699925617-9,20-01-1972
389,Three Colors: Blue (Trois couleurs: Bleu),Jarrad MacDermott,Kautzer and Sons,4.41,Drama,437000819-0,13-09-1986
390,Poor Boy's Game,Hedvig Sylett,Bogisich Inc,34.13,Drama,217883276-8,20-05-1957
391,Cops and Robbersons,Tasha Anand,"Bode, Halvorson and Rempel",33.87,Comedy,981702693-0,30-11-2007
392,Hiroshima ,Conroy Ind,Bode and Sons,46.41,Documentary,817878677-X,13-04-1975
393,Chappie,Emelyne Brimham,"Lubowitz, Kunde and Daugherty",26.95,Action|Thriller,692669423-0,21-11-1902
394,"Forty-first, The (Sorok pervyy)",Massimiliano Button,"Kassulke, Kilback and Weissnat",49.88,Drama|Romance|War,689347157-2,16-12-1984
395,Flatliners,Pennie Fraulo,"Shanahan, Wisoky and Bahringer",11.32,Horror|Sci-Fi|Thriller,981759137-9,17-11-1994
396,Frisco Jenny,Lira Weight,Stamm-Fay,1.68,Drama,034152492-1,02-07-1903
397,Ce que mes yeux ont vu,Josselyn Stammer,"Kunde, Treutel and Waters",46.84,Drama|Mystery|Thriller,512593352-X,15-03-1940
398,My Way (Mai Wei),Alphonse Cockton,"Hand, Beahan and Kirlin",18.15,Action|Drama|War,566765736-8,29-01-1940
399,Beauty Is Embarrassing,Raoul Poor,"Rau, Murazik and Price",33.78,Documentary,722916948-8,25-07-1988
400,"Angry Silence, The",Charmaine Barff,"Nitzsche, Stokes and Bernier",42.78,Drama,138906214-7,13-12-1965
401,Gangster No. 1,Inger Conws,Upton LLC,48.14,Action|Crime|Thriller,225268764-9,03-06-1905
402,"Crucible, The",Amble Behnen,Parker-Hartmann,39.22,Drama,313224734-0,13-08-1932
403,What to Expect When You're Expecting,Adena Sydry,Koelpin Group,0.73,Comedy|Drama|Romance,400780784-1,02-11-1928
404,Cowspiracy: The Sustainability Secret,De witt Antonias,"Gottlieb, Collier and Daugherty",33.95,Adventure|Comedy|Documentary|Mystery,351948396-3,17-01-1948
405,Rampage,Odelia Tomaszynski,Treutel Group,30.38,Action|Crime|Thriller,268492738-3,28-02-1961
406,Ashes and Diamonds (Popiól i diament),Bastian Ship,"Hoppe, Macejkovic and Goodwin",17.94,Drama|War,832542226-2,27-07-1959
407,"View from the Top, A",Neel Querrard,Skiles Group,8.47,Comedy|Romance,625467620-6,01-02-1957
408,29th Street,Ruperto MacBrearty,Kihn-Lind,41.27,Comedy,636055482-8,24-06-1983
409,Choke,Gaston Barnewille,Schowalter Inc,6.38,Comedy|Drama,423244132-8,22-02-1927
410,Rollerball,Barny Renon,Collins-Skiles,31.93,Action|Sci-Fi,233647980-X,11-04-2017
411,For the Bible Tells Me So,Kenyon De Ruggero,"Shields, Conn and Williamson",13.55,Documentary,666848836-6,21-04-1990
412,"Lucky Ones, The",Terry Tresvina,Buckridge Inc,3.54,Comedy|Drama|War,884421661-2,18-04-2015
413,Cruel Intentions 3,Ody Betham,Christiansen Group,7.82,Drama|Thriller,696308908-6,20-07-1909
414,Ocean Waves (Umi ga kikoeru),Derek Gilbert,"Will, Bednar and Batz",14.62,Animation|Drama|Romance,622064045-4,20-07-1972
415,My Joy (Schastye moe),Preston Overal,"Schinner, Stokes and Reichert",20.42,Drama,203981145-1,22-02-1935
416,All the President's Men,Sabrina Murfin,Corkery-Beier,2.14,Drama|Thriller,066952702-5,17-03-1998
417,Salvage,Marcelline Hugues,"Raynor, Wintheiser and Kiehn",47.91,Horror|Mystery|Thriller,676781503-9,28-05-2014
418,"Kid for Two Farthings, A",Brockie Garric,Schamberger Group,35.32,Children|Comedy|Drama|Fantasy,267789894-2,11-09-1979
419,Superclásico,Corri Saenz,"Huel, Hammes and Muller",9.34,Comedy|Drama,753344670-4,19-08-1940
420,Bad Family (Paha Perhe),Patrice Carlson,Orn and Sons,41.94,Comedy|Drama,513734968-2,25-04-1935
421,Mr. Mom,Katy Hughlin,Pfeffer Group,31.14,Comedy|Drama,244600820-8,28-07-1910
422,Scooby-Doo! and the Witch's Ghost,Jonah Radford,"McClure, Anderson and Konopelski",39.31,Animation|Comedy|Mystery,999615960-4,21-05-1970
423,"Last Picture Show, The",Richart Cartmel,"Hand, Greenfelder and Mann",5.93,Drama,928006209-3,12-07-2015
424,Inside Paris (Dans Paris),Mauricio Lehon,Effertz-Kreiger,24.96,Drama,514520797-2,23-03-1947
425,Frankenstein Must Be Destroyed,Nessi Calladine,"Zboncak, Ratke and Treutel",13.63,Drama|Horror|Sci-Fi,168950876-0,29-11-1939
426,"Bachelor and the Bobby-Soxer, The",Sonni Bredes,Farrell-Marks,37.85,Comedy,763413009-5,17-12-1936
427,Postcards From the Edge,Archambault Barnett,Torphy Inc,35.3,Comedy|Drama,515551851-2,27-09-2015
428,Beyond the Mind's Eye,Galven Larkworthy,Harvey-Waters,29.75,Animation|Comedy,306614520-4,23-08-1978
429,Black Mirror,Aldric Koppelmann,Hyatt Group,46.8,Drama|Sci-Fi,577970744-8,14-04-1981
430,Gang Related,Emmy Klimecki,"Dicki, Romaguera and Effertz",35.95,Crime,789490927-0,12-12-1917
431,"Murder, My Sweet",Kordula Dollman,Lemke LLC,38.84,Crime|Film-Noir|Thriller,620146039-X,28-02-1961
432,Tokyo!,Analise Couthard,Glover-Dibbert,1.7,Drama,966587147-1,09-04-1945
433,Wuthering Heights,Lisle Tearny,Baumbach Group,23,(no genres listed),787553310-4,15-09-1998
434,Jonah: A VeggieTales Movie,Hill Critchard,Casper-Jerde,21.91,Animation|Children|Musical,537970433-6,13-12-1961
435,Clubland (a.k.a. Introducing the Dwights),Alejandro Wynch,Stamm-Emmerich,30.86,Comedy|Drama,824936756-1,06-09-1906
436,"Age of Ignorance, The (a.k.a. Days of Darkness) (L'âge des ténèbres)",Jacynth Feldmark,Carter LLC,4.71,Comedy|Drama|Fantasy,362245274-9,29-07-1969
437,Beastie Boys: Sabotage,Aileen Stanlick,"Zemlak, Cronin and Collins",33.28,(no genres listed),561472838-4,09-10-1924
438,"Pearls of the Crown, The (Les perles de la couronne)",Elli Carmel,Langworth and Sons,42.21,Comedy,447015215-3,14-05-2014
439,Adanggaman,Perry Penylton,Corwin and Sons,31.56,Drama,163719708-X,25-05-1986
440,Mr. Moto in Danger Island,Tammy Brewitt,Champlin-Cruickshank,48.93,Crime|Drama|Mystery|Thriller,151833743-0,28-09-1918
441,Toy Story That Time Forgot,Kendal Rudwell,"Legros, Stoltenberg and Witting",34.43,Animation|Children,762668468-0,04-07-1913
442,"Beautiful Country, The",Kirstin Vasilyonok,Goyette-Auer,20.41,Drama,657652127-8,11-06-1906
443,Rosemary's Baby,Genvieve Ledbury,Rath and Sons,30.81,Drama|Horror|Thriller,783626304-5,02-02-2000
444,Atlas Shrugged: Who Is John Galt? (Atlas Shrugged: Part III),Clarke Arger,Schuster-Gutmann,27.51,Drama|Mystery|Sci-Fi,064394820-1,06-11-1915
445,Kira's Reason: A Love Story (En Kærlighedshistorie),Adrianna Rediers,"Pouros, Quigley and Prohaska",24.16,Drama,074163750-2,07-08-1991
446,Henry Kissinger: Secrets of a Superpower (Henry Kissinger - Geheimnisse einer Supermacht),Keith Gover,"Stamm, Macejkovic and Volkman",47.11,Documentary,309365007-0,06-01-1981
447,Chicken Little,Brunhilde Davio,O'Hara-Rowe,39.42,Action|Adventure|Animation|Children|Comedy|Sci-Fi,045161743-6,16-01-1978
448,Kal Ho Naa Ho,Julietta Heppenspall,"Nienow, Kuhic and Johnson",4.03,Comedy|Drama|Romance,610082328-4,21-03-1992
449,"Pagemaster, The",Nikolaos Claige,Treutel-Gleichner,44.09,Action|Adventure|Animation|Children|Fantasy,529340029-0,29-10-1946
450,"Miss and the Doctors (Tirez la langue, mademoiselle)",Brigitte Gouly,"Kirlin, Ziemann and Hackett",37.86,Drama|Romance,632302625-2,03-08-1980
451,Belly,Kassi Potes,"Greenfelder, Witting and Torphy",16.09,Crime|Drama,866564133-5,16-09-1982
452,Dimensions of Dialogue (Moznosti dialogu),Shaylynn Waterman,Waters Group,47.35,Animation|Comedy|Fantasy,772271884-1,03-02-1926
453,All Mine to Give,Vivianne Klus,"Johnston, Heaney and Hermann",20.53,Drama|Romance,534521513-8,29-12-1936
454,Let it Rain (Parlez-moi de la pluie),Irita Gary,Gutkowski Inc,32.19,Comedy|Drama,751620787-X,14-10-1975
455,"Oak, The (Balanta)",Merrick Skentelbery,Schaefer-Larkin,7.87,Comedy|Drama,906521711-8,10-06-1905
456,Me and the Colonel ,Traver Rubie,"Torp, Oberbrunner and Pouros",10.32,Comedy|War,900809798-2,07-06-1908
457,Onechanbara - Zombie Bikini Squad (a.k.a. Oneechanbara: The Movie),Sue Chard,Maggio Group,9.07,Action|Horror,391812564-5,20-12-1943
458,Our Mother's House,Cristabel Jermyn,O'Hara-Ruecker,13.51,Drama|Thriller,847411796-8,18-10-1923
459,Good Old Daze (Le péril jeune),Roderigo Bowich,Willms-Douglas,12.46,Comedy|Drama,181336917-8,21-04-1938
460,A Promise,Alyce Cridlon,"Mueller, Abshire and Dach",45.98,Drama|Romance,276318479-0,26-03-1964
461,Greenfingers,Trever Tavernor,Glover-Halvorson,48.56,Comedy|Drama,154981353-6,19-11-2010
462,Kirikou and the Wild Beast (Kirikou et les bêtes sauvages),Thayne McClarence,Bartoletti-Hudson,23.28,Adventure|Animation|Children,495806974-7,25-09-1980
463,Iron Will,Rex Boeck,Kiehn-Bailey,31.55,Adventure,427794744-1,26-08-1935
464,"Private War of Major Benson, The",Dimitri Espadero,Wiza Inc,35.06,Children|Comedy|Romance,711099262-4,01-08-1901
465,The Big Sleep,Durand Duffin,Altenwerth-Botsford,45.68,Thriller,155334836-2,02-04-1983
466,Keyhole,Leigh Ghidotti,Boyer Group,14.26,Drama|Mystery,062428933-8,10-01-1953
467,Gold Diggers of 1933,Barton Bartolommeo,Zboncak LLC,11.19,Musical,711709164-9,28-12-1983
468,Grave of the Fireflies (Hotaru no haka),Alastair Ollander,"Hermiston, Ziemann and Lind",17.44,Animation|Drama|War,293559593-9,08-10-1941
469,Cowboys & Aliens,Daune Kentish,"Dibbert, O'Conner and Donnelly",19.21,Action|Sci-Fi|Thriller|Western|IMAX,677826524-8,09-09-1953
470,Warrendale,Goldy Wybourne,Schulist Inc,20.5,Documentary,090807929-X,16-04-1929
471,"Cove, The",Cosimo Philippe,Zieme-Nikolaus,7.45,Documentary,034611662-7,03-09-1975
472,Pillow Talk,Coleen Kinnie,Kunze LLC,6.47,Comedy|Musical|Romance,657834375-X,11-02-1909
473,Rumor Has It...,Joleen Benazet,"Gusikowski, Bashirian and Little",21.76,Comedy|Drama|Romance,966810248-7,14-12-1966
474,Payment Deferred,Allistir Bauduccio,Cummerata-Rodriguez,0.44,Drama,178262242-X,18-09-1914
475,"Fighting Temptations, The",Steffane Glasscoe,Blick-Langworth,29.76,Drama,847374388-1,11-11-1987
476,Tarzan,Kit Lampel,Ledner-Boehm,23.68,Adventure|Animation|Children|Drama,102377404-6,30-10-1931
477,"Christmas Carol, A",Sutton Presser,Wunsch and Sons,26.71,Animation|Drama|Fantasy,850239932-2,20-07-1979
478,Princess Mononoke (Mononoke-hime),Rhea Hollidge,Toy and Sons,24.28,Action|Adventure|Animation|Drama|Fantasy,726143515-5,09-05-1974
479,Song of the Little Road (Pather Panchali),Kalila Ivkovic,Christiansen-Rice,37.45,Drama,782493672-4,18-01-1942
480,"Bat, The",Addie Chasmor,Connelly LLC,40.92,Horror,796086262-1,06-01-1926
481,Deep Sea 3D,Derek Ruben,"Buckridge, Mitchell and Blick",33.85,Documentary|IMAX,891540136-0,15-11-1915
482,Striptease,Silvanus Gavin,Wisozk Group,11.55,Comedy|Crime,803533841-2,25-09-1902
483,Fido,Samuele Halbert,Stiedemann Group,2.74,Comedy|Horror|Thriller,196750131-9,15-11-1955
484,Ben-Hur: A Tale of the Christ,Ody Rasor,Effertz LLC,7.78,Adventure|Drama,623927409-7,24-12-1989
485,Alive,Howard Gilbanks,"Jast, Weber and Stehr",49.96,Drama,423338563-4,29-01-1921
486,Out of Balance: ExxonMobil's Impact on Climate Change,Man McVanamy,"Jones, Stiedemann and Kris",28.58,Documentary,215770245-8,18-01-2014
487,Electrick Children,Yulma Sinnott,"Altenwerth, Johns and Dare",42.79,Drama,071474514-6,17-05-1906
488,Texas Chainsaw 3D,Paulita Preshous,"Harber, Blick and Lakin",45.97,Horror|Mystery|Thriller,467179528-0,04-08-1939
489,Rick,Margarita Tewkesbury,Goyette Inc,20.5,Comedy|Drama,672239605-3,07-01-1959
490,Piranhaconda,Caresse Sabey,Gleason-Leuschke,16.2,Horror|Sci-Fi,233608717-0,10-12-1959
491,Doctor at Sea,Eilis Meneer,Russel-Kuhn,25.11,Comedy,722869639-5,04-08-2012
492,Shanghai Knights,Clovis Duiguid,Senger-Franecki,47.72,Action|Adventure|Comedy,610671897-0,08-02-1901
493,"Flame of New Orleans, The",Judie Licciardo,"Kirlin, Stamm and Walsh",48.7,Comedy|Romance,119004583-4,17-01-2002
494,Bandits (Bandidos),Willa Juppe,Hudson-Abernathy,24.45,Action|Adventure|War,926380899-6,18-06-2009
495,Charlie Chan on Broadway,Meredithe Harbin,Legros-Casper,37.62,Comedy|Crime|Mystery|Thriller,997849309-3,07-10-1917
496,"Power of Kangwon Province, The (Kangwon-do ui him)",Gun Basillon,Waters-Thiel,24.32,Drama,474798975-7,04-01-1982
497,Ponyo (Gake no ue no Ponyo),Vernor Barkes,Kovacek-Cummings,26.33,Adventure|Animation|Children|Fantasy,861720855-4,28-06-2011
498,Girls About Town,Ervin La Padula,"Waelchi, Walter and Sipes",23.46,Comedy,056793529-9,09-01-1910
499,Death on the Staircase (Soupçons),Christen Overel,Schowalter-Tremblay,1.06,Crime|Documentary,247721588-4,03-11-1972
500,Space,Winna Epgrave,Stracke LLC,3.74,Drama,783332030-7,21-08-1978
